Email,Password,Reason
"student20@college.edu","bxxaD2u5","Invalid credentials"
"student21@college.edu","sClAyPST","Invalid credentials"
"student23@college.edu","VI6LmXTd","Invalid credentials"
"student24@college.edu","IQ23fFvo","Invalid credentials"
"student25@college.edu","CsakHSDm","Invalid credentials"
"student29@college.edu","U0VozUre","Invalid credentials"
"student36@college.edu","LV9mmGbu","Invalid credentials"
"student37@college.edu","yvQT1wT7","Invalid credentials"
"student39@college.edu","gZI3abBj","Invalid credentials"
"student40@college.edu","WwGMXRbC","Invalid credentials"
"student41@college.edu","8iojU5U1","Invalid credentials"
"student42@college.edu","rqLA4XdE","Invalid credentials"
"student43@college.edu","kFAjg0nA","Invalid credentials"
"student44@college.edu","mQlXHS0D","Invalid credentials"
"student47@college.edu","JVjUTVSi","Invalid credentials"
"student48@college.edu","s2NyO5DN","Invalid credentials"
"student49@college.edu","sqoy5iCb","Invalid credentials"
"student50@college.edu","fZXMLKVQ","Invalid credentials"
"student51@college.edu","VcznApak","Invalid credentials"
"student52@college.edu","TcJ0070t","Invalid credentials"
"student53@college.edu","liHQJllq","Invalid credentials"
"student54@college.edu","rXDuTlKO","Invalid credentials"
"student55@college.edu","Z9x60wMZ","Invalid credentials"
"student56@college.edu","aPVr56xV","Invalid credentials"
"student57@college.edu","tu57i5EH","Invalid credentials"
"student58@college.edu","X3L855v1","Invalid credentials"
"student59@college.edu","q2OqI25R","Invalid credentials"
"student60@college.edu","R0DCHqDi","Invalid credentials"
"student61@college.edu","rrWEfOgF","Invalid credentials"
"student62@college.edu","Lg4coJsb","Invalid credentials"
"student63@college.edu","ZSZN9Y7y","Invalid credentials"
"student65@college.edu","Z7nfQzr3","Invalid credentials"
"student66@college.edu","2LWIcq2K","Invalid credentials"
"student67@college.edu","nYJndTuD","Invalid credentials"
"student68@college.edu","uawz29vw","Invalid credentials"
"student70@college.edu","Otsn1lJU","Invalid credentials"
"student72@college.edu","0ClBnAyN","Invalid credentials"
"student73@college.edu","8KiNA7rx","Invalid credentials"
"student74@college.edu","OChH8RE6","Invalid credentials"
"student75@college.edu","cmlDA5Ls","Invalid credentials"
"student76@college.edu","Yfj64pG2","Invalid credentials"
"student77@college.edu","svtXEaci","Invalid credentials"
"student78@college.edu","wNrBfXGW","Invalid credentials"
"student79@college.edu","B0o8OXpW","Invalid credentials"
"student80@college.edu","wPJSD6uo","Invalid credentials"
"student81@college.edu","lkUmkr2t","Invalid credentials"
"student82@college.edu","GlfbDCp8","Invalid credentials"
"student83@college.edu","eyfPMbJL","Invalid credentials"
"student84@college.edu","M7Pfcwat","Invalid credentials"
"student85@college.edu","Txnsjbbl","Invalid credentials"
"student86@college.edu","b7jMxjRf","Invalid credentials"
"student87@college.edu","M1j8fqwz","Invalid credentials"
"student88@college.edu","wARVpX91","Invalid credentials"
"student89@college.edu","fTo9UTIJ","Invalid credentials"
"student92@college.edu","KPf0ZmkJ","Invalid credentials"
"student93@college.edu","PNot3N82","Invalid credentials"
"student94@college.edu","vLUZUuUk","Invalid credentials"
"student95@college.edu","bb8LPB8f","Invalid credentials"
"student96@college.edu","pKbO39Va","Invalid credentials"
"student97@college.edu","Uw9VSN6v","Invalid credentials"
"student98@college.edu","4WGC8kIt","Invalid credentials"
"student105@college.edu","qxgPS7en","Invalid credentials"
"student106@college.edu","yGOlGmi9","Invalid credentials"
"student107@college.edu","9EVIJZ3m","Invalid credentials"
"student108@college.edu","pm6C0mv5","Invalid credentials"
"student110@college.edu","aKcAb6Je","Invalid credentials"
"student111@college.edu","Fh3im8AQ","Invalid credentials"
"student112@college.edu","0OaLgkSH","Invalid credentials"
"student113@college.edu","ePwvm5Gf","Invalid credentials"
"student114@college.edu","tbUljDtj","Invalid credentials"
"student115@college.edu","WDQn2qFa","Invalid credentials"
"student116@college.edu","088twPAD","Invalid credentials"
"student117@college.edu","SkqNVFAc","Invalid credentials"
"student118@college.edu","IXWUkAiG","Invalid credentials"
"student119@college.edu","4ux4BjRo","Invalid credentials"
"student120@college.edu","ASiiS5nr","Invalid credentials"
"student121@college.edu","ab3sh3tM","Invalid credentials"
"student122@college.edu","ZKuWu6qo","Invalid credentials"
"student123@college.edu","1FOss1bC","Invalid credentials"
"student124@college.edu","VUKkn0FQ","Invalid credentials"
"student127@college.edu","4SM6YG5P","Invalid credentials"
"student128@college.edu","J81sEfhr","Invalid credentials"
"student130@college.edu","TY3RTQuj","Invalid credentials"
"student131@college.edu","glBmqWH7","Invalid credentials"
"student132@college.edu","Gucxh5cJ","Invalid credentials"
"student133@college.edu","7yWhvh4T","Invalid credentials"
"student134@college.edu","nQxJiDsi","Invalid credentials"
"student135@college.edu","lwrwpQfa","Invalid credentials"
"student136@college.edu","dccIdnNQ","Invalid credentials"
"student137@college.edu","QXiea3Kf","Invalid credentials"
"student138@college.edu","su1L6t1h","Invalid credentials"
"student139@college.edu","y3kYPcx0","Invalid credentials"
"student140@college.edu","6Op3PQZV","Invalid credentials"
"student141@college.edu","J9hrgVVg","Invalid credentials"
"student142@college.edu","TDyoAlaU","Invalid credentials"
"student143@college.edu","YkbGEzrD","Invalid credentials"
"student144@college.edu","9Ms6eJz0","Invalid credentials"
"student145@college.edu","tzwiqTkX","Invalid credentials"
"student146@college.edu","qx5w7LYC","Invalid credentials"
"student147@college.edu","42wouTXa","Invalid credentials"
"student148@college.edu","RkNXOKCd","Invalid credentials"
"student149@college.edu","JpMlomOr","Invalid credentials"
"student150@college.edu","25v6rfQQ","Invalid credentials"
"student151@college.edu","be0hSmdL","Invalid credentials"
"student152@college.edu","0YXqYbt4","Invalid credentials"
"student153@college.edu","GtFjlw5f","Invalid credentials"
"student154@college.edu","5i9pUjAv","Invalid credentials"
"student155@college.edu","UMXLghJe","Invalid credentials"
"student156@college.edu","NDpbk40X","Invalid credentials"
"student157@college.edu","UCN7wF3q","Invalid credentials"
"student158@college.edu","91DQtxGS","Invalid credentials"
"student159@college.edu","8XBAyTS5","Invalid credentials"
"student160@college.edu","XMTGWU17","Invalid credentials"
"student161@college.edu","nXcLhcw7","Invalid credentials"
"student162@college.edu","63MBcYGZ","Invalid credentials"
"student163@college.edu","Ok2JoXm0","Invalid credentials"
"student164@college.edu","6ikVaIk0","Invalid credentials"
"student165@college.edu","i6Rx7GJf","Invalid credentials"
"student167@college.edu","VIIoBHNO","Invalid credentials"
"student168@college.edu","VcahiM4l","Invalid credentials"
"student169@college.edu","wh3GVHJY","Invalid credentials"
"student170@college.edu","Lt9M0fEb","Invalid credentials"
"student171@college.edu","Besft1ZZ","Invalid credentials"
"student173@college.edu","4jAixIFg","Invalid credentials"
"student175@college.edu","Tg5GsVpD","Invalid credentials"
"student176@college.edu","AUgnajbQ","Invalid credentials"
"student177@college.edu","kf74HZ29","Invalid credentials"
"student182@college.edu","T4gIwglK","Invalid credentials"
"student184@college.edu","Lt9J1ec9","Invalid credentials"
"student185@college.edu","tC6SjEVn","Invalid credentials"
"student186@college.edu","uCKbEmYw","Invalid credentials"
"student187@college.edu","DOnmKsAF","Invalid credentials"
"student190@college.edu","ZdP50EXR","Invalid credentials"
"student191@college.edu","DaoqRItF","Invalid credentials"
"student193@college.edu","z0NssdOj","Invalid credentials"
"student194@college.edu","aOIGdeEG","Invalid credentials"
"student195@college.edu","bjYKYJNT","Invalid credentials"
"student196@college.edu","yuh0ueP0","Invalid credentials"
"student197@college.edu","z6Xu3ghS","Invalid credentials"
"student198@college.edu","Fsax8O1H","Invalid credentials"
"student199@college.edu","f07GRERG","Invalid credentials"
"student202@college.edu","P1kim3ak","Invalid credentials"
"student203@college.edu","xp8IocnD","Invalid credentials"
"student204@college.edu","1kRG51rr","Invalid credentials"
"student205@college.edu","Pf0MGbRS","Invalid credentials"
"student206@college.edu","HRtMo2hC","Invalid credentials"
"student207@college.edu","fFpFt1R8","Invalid credentials"
"student208@college.edu","p4MjHUD1","Invalid credentials"
"student209@college.edu","IcJtOXSt","Invalid credentials"
"student210@college.edu","iuFh4AOb","Invalid credentials"
"student211@college.edu","KOGlAGQQ","Invalid credentials"
"student213@college.edu","57ziASbm","Invalid credentials"
"student214@college.edu","kWlCq0gU","Invalid credentials"
"student215@college.edu","epele9is","Invalid credentials"
"student216@college.edu","MsuIGS6o","Invalid credentials"
"student217@college.edu","kWAQO2FP","Invalid credentials"
"student218@college.edu","bsbQKgFz","Invalid credentials"
"student219@college.edu","4vOOV5sq","Invalid credentials"
"student220@college.edu","x0pTgMDR","Invalid credentials"
"student221@college.edu","vdCX1lkq","Invalid credentials"
"student222@college.edu","Dc2GfXAK","Invalid credentials"
"student228@college.edu","U2Dw7TqA","Invalid credentials"
"student230@college.edu","aZr9fzMM","Invalid credentials"
"student231@college.edu","esp7W6Xt","Invalid credentials"
"student232@college.edu","gitZJmWk","Invalid credentials"
"student233@college.edu","Ql65diTe","Invalid credentials"
"student234@college.edu","YhZ0pVJd","Invalid credentials"
"student236@college.edu","ldwv2TsN","Invalid credentials"
"student237@college.edu","Nw55TSOz","Invalid credentials"
"student238@college.edu","7U3apOYn","Invalid credentials"
"student239@college.edu","woP5XxEd","Invalid credentials"
"student240@college.edu","kDSUHxBQ","Invalid credentials"
"student241@college.edu","AlJA4p35","Invalid credentials"
"student242@college.edu","SasS7OLj","Invalid credentials"
"student243@college.edu","och3eDzq","Invalid credentials"
"student244@college.edu","v8MS6nlv","Invalid credentials"
"student245@college.edu","CR9LjNVm","Invalid credentials"
"student246@college.edu","pNvHX51U","Invalid credentials"
"student247@college.edu","GqspDAAk","Invalid credentials"
"student248@college.edu","Pl5hPDcj","Invalid credentials"
"student250@college.edu","IX0EPyKJ","Invalid credentials"
"student268@college.edu","L5p3LW1G","Invalid credentials"
"student275@college.edu","oOYBQn2W","Invalid credentials"
"student276@college.edu","aPZ1ijgS","Invalid credentials"
"student278@college.edu","K4Bmexlm","Invalid credentials"
"student282@college.edu","9hjWoqkv","Invalid credentials"
"student286@college.edu","7zcuJ1DI","Invalid credentials"
"student287@college.edu","ezZdYqBh","Invalid credentials"
"student288@college.edu","QtdDQQdY","Invalid credentials"
"student289@college.edu","OyW8V8NN","Invalid credentials"
"student290@college.edu","MFvfsIiI","Invalid credentials"
"student291@college.edu","vQtYZCWT","Invalid credentials"
"student292@college.edu","ROVfttG7","Invalid credentials"
"student293@college.edu","AF1FGVIz","Invalid credentials"
"student294@college.edu","vCm6cIYd","Invalid credentials"
"student295@college.edu","l9VgKpsz","Invalid credentials"
"student296@college.edu","yjqRgQ5E","Invalid credentials"
"student297@college.edu","epbGJzQw","Invalid credentials"
"student299@college.edu","rwgNl1nz","Invalid credentials"
"student300@college.edu","vrnWggM5","Invalid credentials"
"student301@college.edu","RPohBU1K","Invalid credentials"
"student302@college.edu","WmRXb04i","Invalid credentials"
"student305@college.edu","IE7xwLTs","Invalid credentials"
"student306@college.edu","BvTXqwSV","Invalid credentials"
"student307@college.edu","WgQ8OyOZ","Invalid credentials"
"student311@college.edu","6rQmtHZr","Invalid credentials"
"student312@college.edu","Mt4NlLpc","Invalid credentials"
"student313@college.edu","WgChnh3w","Invalid credentials"
"student315@college.edu","jceCi2XY","Invalid credentials"
"student317@college.edu","6G4TUgp0","Invalid credentials"
"student320@college.edu","eZZXngkg","Invalid credentials"
"student321@college.edu","GG2EVkWi","Invalid credentials"
"student322@college.edu","j4PBd266","Invalid credentials"
"student323@college.edu","dxIHBXrJ","Invalid credentials"
"student324@college.edu","F1ynLuGe","Invalid credentials"
"student325@college.edu","5pkeFM7I","Invalid credentials"
"student326@college.edu","JvGsic8K","Invalid credentials"
"student327@college.edu","zlELQD1e","Invalid credentials"
"student329@college.edu","raLNSjF2","Invalid credentials"
"student331@college.edu","iQUtnREq","Invalid credentials"
"student332@college.edu","ioYFHtmT","Invalid credentials"
"student335@college.edu","mKY3nEUa","Invalid credentials"
"student336@college.edu","OJKJeMdY","Invalid credentials"
"student337@college.edu","slRNty1A","Invalid credentials"
"student338@college.edu","pwR6FBVZ","Invalid credentials"
"student339@college.edu","8ErQ6dTI","Invalid credentials"
"student340@college.edu","sqyXWTKJ","Invalid credentials"
"student343@college.edu","1Q6tmK5f","Invalid credentials"
"student345@college.edu","Yt2J4gsF","Invalid credentials"
"student347@college.edu","GiUlZ3x9","Invalid credentials"
"student348@college.edu","3vGwLfBM","Invalid credentials"
"student349@college.edu","yG9Ct8rD","Invalid credentials"
"student970@college.edu","nscOS6ut","Invalid credentials"
"student971@college.edu","diuLa0i7","Invalid credentials"
"student972@college.edu","3KsgZJqJ","Invalid credentials"
"student973@college.edu","MJydvP1b","Invalid credentials"
"student1013@college.edu","KP5Na1Hw","Invalid credentials"
"student1014@college.edu","VEgFUgwn","Invalid credentials"
"student1015@college.edu","JAuV4M9j","Invalid credentials"
"student1016@college.edu","vkVxl3Xs","Invalid credentials"
"student1017@college.edu","fDDK1Siq","Invalid credentials"
"student1018@college.edu","BUcmtWIi","Invalid credentials"
"student1019@college.edu","DCLSya2X","Invalid credentials"
"student1020@college.edu","JnHJtFpP","Invalid credentials"
"student1021@college.edu","IMV4Yv1b","Invalid credentials"
"student1022@college.edu","7FVYopRt","Invalid credentials"
"student1023@college.edu","uiZ2uzAX","Invalid credentials"
"student1024@college.edu","BVh1jOzQ","Invalid credentials"
"student1025@college.edu","2B2fzPcP","Invalid credentials"
"student1026@college.edu","F9gaAYYR","Invalid credentials"
"student1027@college.edu","VB91BxLB","Invalid credentials"
"student1028@college.edu","goUY3JWI","Invalid credentials"
"student1029@college.edu","MDy9JNNH","Invalid credentials"
"student1030@college.edu","igDUFwzN","Invalid credentials"
"student1031@college.edu","golfP487","Invalid credentials"
"student1032@college.edu","LDfjWtKx","Invalid credentials"
"student1033@college.edu","LsHLP3U9","Invalid credentials"
"student1034@college.edu","T2c0uOjw","Invalid credentials"
"student1035@college.edu","2sLc6Lpp","Invalid credentials"
"student1036@college.edu","iDbnN1Mr","Invalid credentials"
"student1037@college.edu","jCAfg83u","Invalid credentials"
"student1038@college.edu","Na1ATTWc","Invalid credentials"
"student1039@college.edu","DLQg7g70","Invalid credentials"
"student1040@college.edu","tgXe9NpK","Invalid credentials"
"student1041@college.edu","2wEar31Y","Invalid credentials"
"student1042@college.edu","EozI5MDs","Invalid credentials"
"student1043@college.edu","F7alEn1I","Invalid credentials"
"student1044@college.edu","RXbF8qHs","Invalid credentials"
"student1045@college.edu","6iemSO6p","Invalid credentials"
"student1046@college.edu","Y1QkSYCY","Invalid credentials"
"student1047@college.edu","C7xWu5Eb","Invalid credentials"
"student1048@college.edu","3rQuD3L5","Invalid credentials"
"student1049@college.edu","2E2GqjD7","Invalid credentials"
"student1050@college.edu","HveM5TuN","Invalid credentials"
"student1051@college.edu","J8o0AqLz","Invalid credentials"
"student1052@college.edu","PnHRoIho","Invalid credentials"
"student1053@college.edu","ycvKFxzK","Invalid credentials"
"student1054@college.edu","hXTqtlFy","Invalid credentials"
"student1055@college.edu","zneeQkrj","Invalid credentials"
"student1056@college.edu","Vvsb0oW4","Invalid credentials"
"student1057@college.edu","E4ERct4D","Invalid credentials"
"student1058@college.edu","q3FFx89l","Invalid credentials"
"student1059@college.edu","shrFA7bZ","Invalid credentials"
"student1060@college.edu","jGAIfMxa","Invalid credentials"
"student1061@college.edu","K6MVa1ql","Invalid credentials"
"student1062@college.edu","PPw4GQyN","Invalid credentials"
"student1063@college.edu","FCpDJ0zW","Invalid credentials"
"student1064@college.edu","WCVgmbaf","Invalid credentials"
"student1065@college.edu","MZBSvLtb","Invalid credentials"
"student1066@college.edu","NHjNZFNP","Invalid credentials"
"student1067@college.edu","NzXvV8s5","Invalid credentials"
"student1068@college.edu","zVwARwQL","Invalid credentials"
"student1069@college.edu","89B63FWl","Invalid credentials"
"student1070@college.edu","9js4u5De","Invalid credentials"
"student1071@college.edu","FG0cCwLY","Invalid credentials"
"student1072@college.edu","wCxDgQvC","Invalid credentials"
"student1073@college.edu","nJE1dL36","Invalid credentials"
"student1074@college.edu","0hC7OoGu","Invalid credentials"
"student1075@college.edu","0lluHmK5","Invalid credentials"
"student1076@college.edu","P3eVgBBq","Invalid credentials"
"student1077@college.edu","oDltWjA1","Invalid credentials"
"student1078@college.edu","LTB6LFoS","Invalid credentials"
"student1079@college.edu","w2dOXcU2","Invalid credentials"
"student1080@college.edu","daMySpg9","Invalid credentials"
"student1081@college.edu","OfsMNIaO","Invalid credentials"
"student1082@college.edu","0Hs5cpcm","Invalid credentials"
"student1083@college.edu","gjJHOQqP","Invalid credentials"
"student1084@college.edu","jTFIbGGZ","Invalid credentials"
"student1085@college.edu","PfNFGEjk","Invalid credentials"
"student1086@college.edu","egmDW0Os","Invalid credentials"
"student1087@college.edu","EjXOMDLj","Invalid credentials"
"student1088@college.edu","Z8FVBB1S","Invalid credentials"
"student1089@college.edu","tNFjcUd7","Invalid credentials"
"student1090@college.edu","HZCWmoeb","Invalid credentials"
"student1091@college.edu","Rm7YimGH","Invalid credentials"
"student1092@college.edu","aCXXS7oK","Invalid credentials"
"student1093@college.edu","6wgWz9Oi","Invalid credentials"
"student1094@college.edu","C8qReeOk","Invalid credentials"
"student1095@college.edu","ROxIRnHJ","Invalid credentials"
"student1096@college.edu","zAZbzzUR","Invalid credentials"
"student1097@college.edu","A0fCxLe7","Invalid credentials"
"student1098@college.edu","tofz4vSV","Invalid credentials"
"student1099@college.edu","1gE97iZ1","Invalid credentials"
"student1100@college.edu","CrmzPFEk","Invalid credentials"
"student1101@college.edu","RjxDrBsw","Invalid credentials"
"student1102@college.edu","QFcUpBt4","Invalid credentials"
"student1103@college.edu","fWQlBiHl","Invalid credentials"
"student1104@college.edu","vsvyMl1E","Invalid credentials"
"student1105@college.edu","CUE5dt25","Invalid credentials"
"student1106@college.edu","iNHwNME6","Invalid credentials"
"student1107@college.edu","JR1q5bFx","Invalid credentials"
"student1108@college.edu","gBOzwZFC","Invalid credentials"
"student1109@college.edu","Tad1jA2P","Invalid credentials"
"student1110@college.edu","UlyxJUZI","Invalid credentials"
"student1111@college.edu","usoWSuwo","Invalid credentials"
"student1112@college.edu","6ELXLYRv","Invalid credentials"
"student1113@college.edu","iHB3rKr8","Invalid credentials"
"student1114@college.edu","8kdQj5PT","Invalid credentials"
"student1115@college.edu","fM9eSzgB","Invalid credentials"
"student1116@college.edu","SxRXA5Uz","Invalid credentials"
"student1117@college.edu","2BQdt6Li","Invalid credentials"
"student1118@college.edu","cslqVIkv","Invalid credentials"
"student1119@college.edu","aVVwAIOk","Invalid credentials"
"student1120@college.edu","9mYDbDSI","Invalid credentials"
"student1121@college.edu","TuWUNWb0","Invalid credentials"
"student1122@college.edu","IfIH04Ln","Invalid credentials"
"student1123@college.edu","oYiiPcyU","Invalid credentials"
"student1124@college.edu","uPY6l2Jx","Invalid credentials"
"student1125@college.edu","8PIHb16F","Invalid credentials"
"student1126@college.edu","Aku1pboJ","Invalid credentials"
"student1127@college.edu","VBKcrj0q","Invalid credentials"
"student1128@college.edu","2UGj8Br6","Invalid credentials"
"student1129@college.edu","Jx801hVW","Invalid credentials"
"student1130@college.edu","cArDDDuq","Invalid credentials"
"student1131@college.edu","c1SVRu3y","Invalid credentials"
"student1132@college.edu","QRt2sAcJ","Invalid credentials"
"student1133@college.edu","WKTSjLOr","Invalid credentials"
"student1134@college.edu","Z6X6j8LN","Invalid credentials"
"student1135@college.edu","8TpEP1lx","Invalid credentials"
"student1136@college.edu","5s1ktH55","Invalid credentials"
"student1137@college.edu","zkMurQMz","Invalid credentials"
"student1138@college.edu","YXcJc7JK","Invalid credentials"
"student1139@college.edu","7bjkxtd1","Invalid credentials"
"student1140@college.edu","4HZdhjjS","Invalid credentials"
"student1141@college.edu","2W0cEgZd","Invalid credentials"
"student1142@college.edu","9sWIYtQI","Invalid credentials"
"student1143@college.edu","ogDSGyqn","Invalid credentials"
"student1144@college.edu","dJ6PCvIQ","Invalid credentials"
"student1145@college.edu","yhu8gQtj","Invalid credentials"
"student1146@college.edu","b9c9ahdY","Invalid credentials"
"student1147@college.edu","ndHvcutR","Invalid credentials"
"student1148@college.edu","TLvh67UI","Invalid credentials"
"student1149@college.edu","v4ZAthHL","Invalid credentials"
"student1150@college.edu","Feix1d3u","Invalid credentials"
"student1151@college.edu","N6EqFGaZ","Invalid credentials"
"student1152@college.edu","3qGpae8b","Invalid credentials"
"student1153@college.edu","mEAED186","Invalid credentials"
"student1154@college.edu","v2LQ2plT","Invalid credentials"
"student1155@college.edu","NrjVRwAE","Invalid credentials"
"student1156@college.edu","UAPXhISx","Invalid credentials"
"student1157@college.edu","r7XxqslF","Invalid credentials"
"student1158@college.edu","lU5EzgC9","Invalid credentials"
"student1159@college.edu","t8HEh5Wf","Invalid credentials"
"student1160@college.edu","dBI5Mo8e","Invalid credentials"
"student1161@college.edu","oQwIAAGB","Invalid credentials"
"student1162@college.edu","r9lgzjKi","Invalid credentials"
"student1163@college.edu","MHJ2pXEr","Invalid credentials"
"student1164@college.edu","958Yvapu","Invalid credentials"
"student1165@college.edu","ZQynJb3i","Invalid credentials"
"student1166@college.edu","oevi0GBU","Invalid credentials"
"student1167@college.edu","Is4naKZo","Invalid credentials"
"student1168@college.edu","pZOGPtUL","Invalid credentials"
"student1169@college.edu","b70e8iSj","Invalid credentials"
"student1170@college.edu","TqDvt4YK","Invalid credentials"
"student1171@college.edu","bfc6zMws","Invalid credentials"
"student1172@college.edu","YGi4pKhb","Invalid credentials"
"student1173@college.edu","HH6EV2sH","Invalid credentials"
"student1174@college.edu","oIH8lCuu","Invalid credentials"
"student1175@college.edu","KIwbGVSA","Invalid credentials"
"student1176@college.edu","It9BgtLQ","Invalid credentials"
"student1177@college.edu","sdXkpZ0x","Invalid credentials"
"student1178@college.edu","KTNyiCo4","Invalid credentials"
"student1179@college.edu","Grke5Urw","Invalid credentials"
"student1180@college.edu","peCIvuqT","Invalid credentials"
"student1181@college.edu","WKA0JtAv","Invalid credentials"
"student1182@college.edu","a8mwQTrW","Invalid credentials"
"student1183@college.edu","TPmdD148","Invalid credentials"
"student1184@college.edu","44OX3Ohp","Invalid credentials"
"student1185@college.edu","lf1NrXCf","Invalid credentials"
"student1186@college.edu","4Jtho5fw","Invalid credentials"
"student1187@college.edu","Wy8LuYHf","Invalid credentials"
"student1188@college.edu","sYeWkjsa","Invalid credentials"
"student1189@college.edu","GnB84Dym","Invalid credentials"
"student1190@college.edu","zPITsuKV","Invalid credentials"
"student1191@college.edu","bNk6e98C","Invalid credentials"
"student1192@college.edu","ADhHGVpy","Invalid credentials"
"student1193@college.edu","BSQAYLQV","Invalid credentials"
"student1194@college.edu","FRsAV273","Invalid credentials"
"student1195@college.edu","RWztdjhM","Invalid credentials"
"student1196@college.edu","IydhPtIS","Invalid credentials"
"student1197@college.edu","5vVbRov1","Invalid credentials"
"student1198@college.edu","s0sNEySn","Invalid credentials"
"student1199@college.edu","ipCl1kyB","Invalid credentials"
"student1200@college.edu","Dy9ifev3","Invalid credentials"
"student1201@college.edu","MZHydQLF","Invalid credentials"
"student1202@college.edu","79lduKyf","Invalid credentials"
"student1203@college.edu","CVBIDoGu","Invalid credentials"
"student1204@college.edu","sqMO6rWN","Invalid credentials"
"student1205@college.edu","7FvuRgXb","Invalid credentials"
"student1206@college.edu","fJXeYU1x","Invalid credentials"
"student1207@college.edu","FWTyTSA4","Invalid credentials"
"student1208@college.edu","ct5Dbuqw","Invalid credentials"
"student1209@college.edu","5oCLL9Mb","Invalid credentials"
"student1210@college.edu","KsExrkUL","Invalid credentials"
"student1211@college.edu","Zbs1Rd3S","Invalid credentials"
"student1212@college.edu","SzfmmjUx","Invalid credentials"
"student1213@college.edu","EAU7GOm2","Invalid credentials"
"student1214@college.edu","HlxJdtQf","Invalid credentials"
"student1215@college.edu","8d9gcwqM","Invalid credentials"
"student1216@college.edu","OXk1gnaL","Invalid credentials"
"student1217@college.edu","KN8qfFI3","Invalid credentials"
"student1218@college.edu","gjAY7Jee","Invalid credentials"
"student1219@college.edu","G3BZ8cga","Invalid credentials"
"student1220@college.edu","nPMWBh1t","Invalid credentials"
"student1221@college.edu","PXzVpwN2","Invalid credentials"
"student1222@college.edu","fGkR2YdN","Invalid credentials"
"student1223@college.edu","qjxKbKkN","Invalid credentials"
"student1224@college.edu","H5ihbRlE","Invalid credentials"
"student1225@college.edu","mC7tZHEz","Invalid credentials"
"student1226@college.edu","9geDmvxM","Invalid credentials"
"student1227@college.edu","VlWgMfAO","Invalid credentials"
"student1228@college.edu","1un1rHcA","Invalid credentials"
"student1229@college.edu","gU51dB25","Invalid credentials"
"student1230@college.edu","8i3hDt9I","Invalid credentials"
"student1231@college.edu","OtUnu9hj","Invalid credentials"
"student1232@college.edu","eBZElqCC","Invalid credentials"
"student1233@college.edu","qzVaas3w","Invalid credentials"
"student1234@college.edu","RHTCXQV5","Invalid credentials"
"student1235@college.edu","SjWgKJTf","Invalid credentials"
"student1236@college.edu","smzrtGzS","Invalid credentials"
"student1237@college.edu","XjpzOCor","Invalid credentials"
"student1238@college.edu","FqkfApbb","Invalid credentials"
"student1239@college.edu","tirmEg6w","Invalid credentials"
"student1240@college.edu","EJwSUIu2","Invalid credentials"
"student1241@college.edu","nnImdo0Y","Invalid credentials"
"student1242@college.edu","nn1s7J5T","Invalid credentials"
"student1243@college.edu","lajATX6V","Invalid credentials"
"student1244@college.edu","UvjXw5lB","Invalid credentials"
"student1245@college.edu","hHCbBGRg","Invalid credentials"
"student1246@college.edu","yTc5fWjD","Invalid credentials"
"student1247@college.edu","ynZ9g7SE","Invalid credentials"
"student1248@college.edu","rGWUVBbZ","Invalid credentials"
"student1249@college.edu","6ILlZ2rS","Invalid credentials"
"student1250@college.edu","NyLQ1lai","Invalid credentials"
"student1251@college.edu","ehPob7sB","Invalid credentials"
"student1252@college.edu","4xCh08NY","Invalid credentials"
"student1253@college.edu","hBvjmPQd","Invalid credentials"
"student1254@college.edu","Q0PIKWZ8","Invalid credentials"
"student1255@college.edu","nQbOQPEo","Invalid credentials"
"student1256@college.edu","vGB6mD4F","Invalid credentials"
"student1257@college.edu","I619mvrJ","Invalid credentials"
"student1258@college.edu","bLwJrxcr","Invalid credentials"
"student1259@college.edu","JM9BCCCE","Invalid credentials"
"student1260@college.edu","gLDyvlSa","Invalid credentials"
"student1261@college.edu","QGpAD0ZH","Invalid credentials"
"student1262@college.edu","t5BKXRsQ","Invalid credentials"
"student1263@college.edu","XRuQL0sr","Invalid credentials"
"student1264@college.edu","R8AVgiiQ","Invalid credentials"
"student1265@college.edu","wbuC3VJc","Invalid credentials"
"student1266@college.edu","5nqzmhBg","Invalid credentials"
"student1267@college.edu","K8lQg66F","Invalid credentials"
"student1268@college.edu","7im6iKm4","Invalid credentials"
"student1269@college.edu","4PoR80ky","Invalid credentials"
"student1270@college.edu","wsfwFftM","Invalid credentials"
"student1271@college.edu","5nnjtvE2","Invalid credentials"
"student1272@college.edu","nFz5uhAA","Invalid credentials"
"student1273@college.edu","6QsToABV","Invalid credentials"
"student1274@college.edu","enbCvSNq","Invalid credentials"
"student1275@college.edu","RNqDI51z","Invalid credentials"
"student1276@college.edu","XvI2sjxC","Invalid credentials"
"student1277@college.edu","3r4smhgC","Invalid credentials"
"student1278@college.edu","5Om0TFnj","Invalid credentials"
"student1279@college.edu","bmb5HhQV","Invalid credentials"
"student1280@college.edu","u34MG0Up","Invalid credentials"
"student1281@college.edu","HBsavaRJ","Invalid credentials"
"student1282@college.edu","2F35UorN","Invalid credentials"
"student1283@college.edu","DIROcQZz","Invalid credentials"
"student1284@college.edu","GdSmxKGc","Invalid credentials"
"student1285@college.edu","ipBycfaT","Invalid credentials"
"student1286@college.edu","GZXmHiWi","Invalid credentials"
"student1287@college.edu","BYa1WVt9","Invalid credentials"
"student1288@college.edu","p1Ij9vi9","Invalid credentials"
"student1289@college.edu","7MztTaBc","Invalid credentials"
"student1290@college.edu","HD0vft8D","Invalid credentials"
"student1291@college.edu","GfpJ1dR8","Invalid credentials"
"student1292@college.edu","izQ4Z6C7","Invalid credentials"
"student1293@college.edu","odTauKjD","Invalid credentials"
"student1294@college.edu","UURpOTG7","Invalid credentials"
"student1295@college.edu","fxgcXEid","Invalid credentials"
"student1296@college.edu","zID8sgN2","Invalid credentials"
"student1297@college.edu","w7TIA7x3","Invalid credentials"
"student1298@college.edu","alAzjoQ1","Invalid credentials"
"student1299@college.edu","Fo9mXWVg","Invalid credentials"
"student1300@college.edu","fG5KJQH7","Invalid credentials"
"student1301@college.edu","pVcIRppT","Invalid credentials"
"student1302@college.edu","S4FqPvkS","Invalid credentials"
"student1303@college.edu","os2jqfoB","Invalid credentials"
"student1304@college.edu","3EFSik8R","Invalid credentials"
"student1305@college.edu","49Uvj1Na","Invalid credentials"
"student1306@college.edu","n1dINJA7","Invalid credentials"
"student1307@college.edu","eZiQ1YVb","Invalid credentials"
"student1308@college.edu","MHwdHBy2","Invalid credentials"
"student1309@college.edu","RdxwzBAb","Invalid credentials"
"student1310@college.edu","yaL9StZl","Invalid credentials"
"student1311@college.edu","4AbHMFfo","Invalid credentials"
"student1312@college.edu","1NbYGgQu","Invalid credentials"
"student1313@college.edu","jVCMvsdJ","Invalid credentials"
"student1314@college.edu","HeniMIOT","Invalid credentials"
"student1315@college.edu","6j3tysTF","Invalid credentials"
"student1316@college.edu","Jho8Nyoz","Invalid credentials"
"student1317@college.edu","bBma5OjD","Invalid credentials"
"student1318@college.edu","ve8QvKTG","Invalid credentials"
"student1319@college.edu","rxZVXtmo","Invalid credentials"
"student1320@college.edu","LC8Bn5sh","Invalid credentials"
"student1321@college.edu","AtguwzGT","Invalid credentials"
"student1322@college.edu","1f6xtJ6F","Invalid credentials"
"student1323@college.edu","u99tccKa","Invalid credentials"
"student1324@college.edu","JX1dXge7","Invalid credentials"
"student1325@college.edu","TP7Vfj6l","Invalid credentials"
"student1326@college.edu","68i3RVrD","Invalid credentials"
"student1327@college.edu","lrZG3j9o","Invalid credentials"
"student1328@college.edu","MvlOh97T","Invalid credentials"
"student1329@college.edu","eJX5YG1Q","Invalid credentials"
"student1330@college.edu","YCIcxOlW","Invalid credentials"
"student1331@college.edu","epDMN2cq","Invalid credentials"
"student1332@college.edu","dMfkIlnk","Invalid credentials"
"student1333@college.edu","rKIemqZ8","Invalid credentials"
"student1334@college.edu","M6px0qRc","Invalid credentials"
"student1335@college.edu","90pgbqcn","Invalid credentials"
"student1336@college.edu","fMAxa7S6","Invalid credentials"
"student1337@college.edu","np8k9k6l","Invalid credentials"
"student1338@college.edu","HoLCK2AT","Invalid credentials"
"student1339@college.edu","T7YwdjF7","Invalid credentials"
"student1340@college.edu","yfFUBqss","Invalid credentials"
"student1341@college.edu","ipxwxEyh","Invalid credentials"
"student1342@college.edu","l1epecHk","Invalid credentials"
"student1343@college.edu","It2fUBBa","Invalid credentials"
"student1344@college.edu","nyNVzCwn","Invalid credentials"
"student1345@college.edu","dq6XmBf6","Invalid credentials"
"student1346@college.edu","wMDYonHu","Invalid credentials"
"student1347@college.edu","9NhLGRYt","Invalid credentials"
"student1348@college.edu","8WtXSMWe","Invalid credentials"
"student1349@college.edu","9RdRV89J","Invalid credentials"
"student1350@college.edu","3BpvsVlI","Invalid credentials"
"student1351@college.edu","qVLQ6QV0","Invalid credentials"
"student1352@college.edu","LWjSRc45","Invalid credentials"
"student1353@college.edu","I19UTh7U","Invalid credentials"
"student1354@college.edu","1hcaYjtP","Invalid credentials"
"student1355@college.edu","eRmxS7cV","Invalid credentials"
"student1356@college.edu","NxdbFAP8","Invalid credentials"
"student1357@college.edu","KAKbiEbk","Invalid credentials"
"student1358@college.edu","pKt9WwHG","Invalid credentials"
"student1359@college.edu","bITIJgbV","Invalid credentials"
"student1360@college.edu","5WavQO6p","Invalid credentials"
"student1361@college.edu","8jMxWjvO","Invalid credentials"
"student1362@college.edu","s8Nz5gsL","Invalid credentials"
"student1363@college.edu","xPYDqrY1","Invalid credentials"
"student1364@college.edu","kfNr1oJ3","Invalid credentials"
"student1365@college.edu","JuDBEEF9","Invalid credentials"
"student1366@college.edu","Iv7jhgq0","Invalid credentials"
"student1367@college.edu","FetlQm3p","Invalid credentials"
"student1368@college.edu","fMo3lSVP","Invalid credentials"
"student1369@college.edu","bUlxBkVQ","Invalid credentials"
"student1370@college.edu","sRPNAtss","Invalid credentials"
"student1371@college.edu","s8pOHWpB","Invalid credentials"
"student1372@college.edu","St8GjTWr","Invalid credentials"
"student1373@college.edu","hHrjPHZa","Invalid credentials"
"student1374@college.edu","pXf2AiPO","Invalid credentials"
"student1375@college.edu","SA5V3JhB","Invalid credentials"
"student1376@college.edu","MWlZn4g2","Invalid credentials"
"student1377@college.edu","59DutsuI","Invalid credentials"
"student1378@college.edu","iDKr989P","Invalid credentials"
"student1379@college.edu","a5nOtz19","Invalid credentials"
"student1380@college.edu","iT7cN6iE","Invalid credentials"
"student1381@college.edu","jHZMAWHu","Invalid credentials"
"student1382@college.edu","zN3A0bgj","Invalid credentials"
"student1383@college.edu","TZXkXyMJ","Invalid credentials"
"student1384@college.edu","gpAjAD7j","Invalid credentials"
"student1385@college.edu","LgZxH6tN","Invalid credentials"
"student1386@college.edu","VVO083xk","Invalid credentials"
"student1387@college.edu","g8jHdqNZ","Invalid credentials"
"student1388@college.edu","Vm7XwEjq","Invalid credentials"
"student1389@college.edu","eNc3TgOb","Invalid credentials"
"student1390@college.edu","a99Hfes3","Invalid credentials"
"student1391@college.edu","m5PWScuM","Invalid credentials"
"student1392@college.edu","EnnKjFhc","Invalid credentials"
"student1393@college.edu","E8sWCcWs","Invalid credentials"
"student1394@college.edu","fj5CPzRO","Invalid credentials"
"student1395@college.edu","OjhNz5VU","Invalid credentials"
"student1396@college.edu","9t2zJDhI","Invalid credentials"
"student1397@college.edu","EDJ3WXqT","Invalid credentials"
"student1398@college.edu","a6eXl3uV","Invalid credentials"
"student1399@college.edu","rSR41YPv","Invalid credentials"
"student1400@college.edu","d0EaADoR","Invalid credentials"
"student1401@college.edu","Y9Skh3PB","Invalid credentials"
"student1402@college.edu","waA8PTNh","Invalid credentials"
"student1403@college.edu","FYMpFBqp","Invalid credentials"
"student1404@college.edu","7XoyM5iy","Invalid credentials"
"student1405@college.edu","JCoZBm2m","Invalid credentials"
"student1406@college.edu","D3lUUNMy","Invalid credentials"
"student1407@college.edu","p58rxGQ4","Invalid credentials"
"student1408@college.edu","gyHWKI1n","Invalid credentials"
"student1409@college.edu","T8ASlanK","Invalid credentials"
"student1410@college.edu","21yjUDu8","Invalid credentials"
"student1411@college.edu","f1ykdeP2","Invalid credentials"
"student1412@college.edu","hOBaO4zv","Invalid credentials"
"student1413@college.edu","tUUff7h6","Invalid credentials"
"student1414@college.edu","1bOkePBR","Invalid credentials"
"student1415@college.edu","mPYbnhXV","Invalid credentials"
"student1416@college.edu","faqeS8CR","Invalid credentials"
"student1417@college.edu","4aBBCvbj","Invalid credentials"
"student1418@college.edu","kCTdtdWb","Invalid credentials"
"student1419@college.edu","UMMSY6J8","Invalid credentials"
"student1420@college.edu","RruRkZUY","Invalid credentials"
"student1421@college.edu","YukP4bIh","Invalid credentials"
"student1422@college.edu","2oLNQNl2","Invalid credentials"
"student1423@college.edu","FXmNovMP","Invalid credentials"
"student1424@college.edu","GxiKTscZ","Invalid credentials"
"student1425@college.edu","vciWA2XV","Invalid credentials"
"student1426@college.edu","2XiCRr44","Invalid credentials"
"student1427@college.edu","PEvWWuCD","Invalid credentials"
"student1428@college.edu","qXbmphfl","Invalid credentials"
"student1429@college.edu","8P6vJmGA","Invalid credentials"
"student1430@college.edu","uwIDs8QT","Invalid credentials"
"student1431@college.edu","cUxdJDZR","Invalid credentials"
"student1432@college.edu","S1sqtDgB","Invalid credentials"
"student1433@college.edu","lkSxwRLc","Invalid credentials"
"student1434@college.edu","C2W1KbZj","Invalid credentials"
"student1435@college.edu","55p55Adf","Invalid credentials"
"student1436@college.edu","Bl7yKDrz","Invalid credentials"
"student1437@college.edu","kFegP31Q","Invalid credentials"
"student1438@college.edu","HFdpku8X","Invalid credentials"
"student1439@college.edu","NFTfAVj3","Invalid credentials"
"student1440@college.edu","w6K5KCVn","Invalid credentials"
"student1441@college.edu","sYCc93G6","Invalid credentials"
"student1442@college.edu","cLjkVECb","Invalid credentials"
"student1443@college.edu","Ue9WLxSo","Invalid credentials"
"student1444@college.edu","jDpTVZjY","Invalid credentials"
"student1445@college.edu","TxHdpEyC","Invalid credentials"
"student1446@college.edu","ebALL6Hc","Invalid credentials"
"student1447@college.edu","M8yKsyrA","Invalid credentials"
"student1448@college.edu","5HrLgdVk","Invalid credentials"
"student1449@college.edu","XLR6zHCh","Invalid credentials"
"student1450@college.edu","tvP32SXs","Invalid credentials"
"student1451@college.edu","LRmTOLHM","Invalid credentials"
"student1452@college.edu","9SyZ7bPP","Invalid credentials"
"student1453@college.edu","TbrOEQZE","Invalid credentials"
"student1454@college.edu","9tosSW7b","Invalid credentials"
"student1455@college.edu","Q3fH7dVR","Invalid credentials"
"student1456@college.edu","AVHnO8I5","Invalid credentials"
"student1457@college.edu","BaTZSV6Z","Invalid credentials"
"student1458@college.edu","wY2VqJhw","Invalid credentials"
"student1459@college.edu","jgb0sqwI","Invalid credentials"
"student1460@college.edu","AkpMhLY5","Invalid credentials"
"student1461@college.edu","klOVCGkg","Invalid credentials"
"student1462@college.edu","gGvPackO","Invalid credentials"
"student1463@college.edu","6yu4FceY","Invalid credentials"
"student1464@college.edu","XnsJt5oT","Invalid credentials"
"student1465@college.edu","rLEyMamB","Invalid credentials"
"student1466@college.edu","XHdy3FLY","Invalid credentials"
"student1467@college.edu","W2QXXceZ","Invalid credentials"
"student1468@college.edu","4SRuXM6u","Invalid credentials"
"student1469@college.edu","bpg5Oapf","Invalid credentials"
"student1470@college.edu","iwTPqEN3","Invalid credentials"
"student1471@college.edu","8ommSxvA","Invalid credentials"
"student1472@college.edu","VsfDKoeN","Invalid credentials"
"student1473@college.edu","KGkPJ38q","Invalid credentials"
"student1474@college.edu","ieo0rRzX","Invalid credentials"
"student1475@college.edu","XeFrEXtf","Invalid credentials"
"student1476@college.edu","79d33i7q","Invalid credentials"
"student1477@college.edu","bOB1FuON","Invalid credentials"
"student1478@college.edu","HjQUlQr2","Invalid credentials"
"student1479@college.edu","unHxFRwP","Invalid credentials"
"student1480@college.edu","at08S3eB","Invalid credentials"
"student1481@college.edu","iaRoacOF","Invalid credentials"
"student1482@college.edu","dFyWR9vy","Invalid credentials"
"student1483@college.edu","bVRqzlqD","Invalid credentials"
"student1484@college.edu","RS1vWkvG","Invalid credentials"
"student1485@college.edu","pZBuVx21","Invalid credentials"
"student1486@college.edu","fCmVmym1","Invalid credentials"
"student1487@college.edu","gVzLXAVB","Invalid credentials"
"student1488@college.edu","wbcRGBnB","Invalid credentials"
"student1489@college.edu","ZSjyOLYT","Invalid credentials"
"student1490@college.edu","mEb73Syz","Invalid credentials"
"student1491@college.edu","6ppIerIr","Invalid credentials"
"student1492@college.edu","lWGov91h","Invalid credentials"
"student1493@college.edu","awfHf27x","Invalid credentials"
"student1494@college.edu","vWmoTZ3w","Invalid credentials"
"student1495@college.edu","vmfG82FN","Invalid credentials"
"student1496@college.edu","a6rqtN3J","Invalid credentials"
"student1497@college.edu","x5aK2svn","Invalid credentials"
"student1498@college.edu","DcIxAP9e","Invalid credentials"
"student1499@college.edu","A4lhcF80","Invalid credentials"
"student1500@college.edu","wLL8feAD","Invalid credentials"
